{
	"GenericControls":[
		{
			"Name":"Play",
			"Tooltip":"Continuously play the ADPD Sensor Data in the selected unit and format"
		},
		{
			"Name":"Pause",
			"Tooltip":"Pause the streaming of the ADPD Sensor Data"
		},
		{
			"Name":"Stop",
			"Tooltip":"Stop the Sensor Data"
		},
		{
			"Name":"Log",
			"Tooltip":"Log the ADPD sensor data in the selected unit and format"
		},
		{
			"Name":"Statistics",
			"Tooltip":"Open statistics window"
		},
		{
			"Name":"Test Command",
			"Tooltip":"send the test command to board"
		},
		{
			"Name":"Configuration",
			"Tooltip":"Open Configuration window"
		},
		{
			"Name":"UDP Transfer",
			"Tooltip":"Enable/Disable UDP Transfer"
		},
		{
			"Name":"Math Operation",
			"Tooltip":"Apply math operation to selected slots"
		},
		{
			"Name":"Calibration select",
			"Tooltip":"Apply clock calibration with selected clock settings"
		},
		{
			"Name":"Graph selection",
			"Tooltip":"Option to change the graph plot view"
		},
		{
			"Name":"Slot Mode",
			"Tooltip":"Displaying mode for the corresponding slot selection"
		},
		{
			"Name":"Slot Control",
			"Tooltip":"Enable / Disable the slot channel selection "
		},
		{
			"Name":"Slot Type",
			"Tooltip":"Displaying selected slot type"
		},
		{
			"Name":"Expected ODR",
			"Tooltip":"Expected data rate in Hz"
		},
		{
			"Name":"Measured ODR",
			"Tooltip":"Measured data rate in Hz"
		},
		{
			"Name":"Dropped samples",
			"Tooltip":"Display number of dropped samples if any sequence mismatch found"
		},
		{
			"Name":"UDP Transfer state",
			"Tooltip":"Displaying active mode of UDP transfer"
		},
		{
			"Name":"Logging state",
			"Tooltip":"Displaying active mode of logging"
		},
		{
			"Name":"Data streaming status",
			"Tooltip":"Displaying active status of streaming"
		},
		{
			"Name": "logging status",
			"Tooltip": "Displaying active status of logging"
		},
		{
			"Name": "Slot Select",
			"Tooltip": "Select the Slot type to plot"
		},
		{
			"Name": "Connect Disconnect",
			"Tooltip": "Connect/Disconnect the device"
		},
		{
			"Name": "Firmware Update",
			"Tooltip": "Load the firmware binary to the device"
		},
		{
			"Name": "Settings",
			"Tooltip": "Configure the settings for Logging and UDP communication "
		},
		{
			"Name": "About",
			"Tooltip": "Shows the software and firmware version along with connected device information"
		},
		{
			"Name": "Help",
			"Tooltip": "Open the getting started guide in browser to know more about the application usage"
		},
		{
			"Name": "Sensors",
			"Tooltip": "Shows the list of sensors supported by the device"
		},
		{
			"Name": "Applications",
			"Tooltip": "Shows the list of applications supported by the device"
		},
		{
			"Name": "Connection Status",
			"Tooltip": "Shows the active connection status of the device"
		},
		{
			"Name": "UDP IP Address",
			"Tooltip": "IP address to send the sensor data via UDP communication"
		},
		{
			"Name": "Raw Data Transfer Port",
			"Tooltip": "Port via sensor data to be send"
		},
		{
			"Name": "Command Port",
			"Tooltip": "Port to which commands to receive from external UDP controller"
		},
		{
			"Name": "Response Port",
			"Tooltip": "Port to which response to be send to the external UDP controller"
		},
		{
			"Name": "UDP Apply",
			"Tooltip": "Apply the UDP port settings"
		},
		{
			"Name": "UDP Connect_Disconnect",
			"Tooltip": "Connect/Disconnect the UDP Controller"
		},
		{
			"Name": "Open Logs",
			"Tooltip": "Open the log folder in explorer to access the already saved logs"
		},
		{
			"Name": "Change Log Folder",
			"Tooltip": "Change the log save directory"
		},
		{
			"Name": "Log Folder path",
			"Tooltip": "Shows the active log save directory"
		},
		{
			"Name": "Register Debug Logging",
			"Tooltip": "Enable/Disable the Register Write Debug Logging"
		},
		{
			"Name": "EEPROM Read Output",
			"Tooltip": "Shows the EEPROM Information of the connected device"
		},
		{
			"Name": "EEPROM MFG",
			"Tooltip": "Manufacture Info"
		},
		{
			"Name": "EEPROM HW_ID",
			"Tooltip": "Shows the Hardware ID of the connected device"
		},
		{
			"Name": "EEPROM BOM_ID",
			"Tooltip": "Shows the BOM ID of the connected device"
		},
		{
			"Name": "EEPROM BATCH_ID",
			"Tooltip": "Shows the BATCH ID of the connected device"
		},
		{
			"Name": "EEPROM DATE",
			"Tooltip": "Shows the date of device manufactured"
		},
		{
			"Name": "EEPROM ADDT",
			"Tooltip": "Shows the additional information of the device"
		},
		{
			"Name": "EEPROM Read",
			"Tooltip": "Read the EEPROM Information for the connected device"
		},
		{
			"Name": "EEPROM Write Output",
			"Tooltip": "Enter the EEPROM Information to be write in the device"
		},
		{
			"Name": "EEPROM Write",
			"Tooltip": "Write the EEPROM Information to the device"
		},
		{
			"Name": "Statistics Update",
			"Tooltip": "Update the statistics fields once"
		},
		{
			"Name": "Statistics Save",
			"Tooltip": "Save the statistics data to the file"
		},
		{
			"Name": "Statistics Sweep",
			"Tooltip": "Sweep the register value for the particular range"
		},
		{
			"Name": "Statistics Grab",
			"Tooltip": "Enter the grab count for update"
		},
		{
			"Name": "Statistics Sample Window Size",
			"Tooltip": "Enter the sample window size for calculation"
		},
		{
			"Name": "Statistics Comments",
			"Tooltip": "Type the comment to add in the save file"
		},
		{
			"Name": "Sweep Register",
			"Tooltip": "Register to perform the sweep"
		},
		{
			"Name": "Sweep Start Value",
			"Tooltip": "Starting value of the Sweep register"
		},
		{
			"Name": "Sweep Stop Value",
			"Tooltip": "Stop value of the Sweep register"
		},
		{
			"Name": "Sweep Step",
			"Tooltip": "Step value for the sweep"
		},
		{
			"Name": "Sweep Skip",
			"Tooltip": "Number of datas to skip after every sweep"
		},
		{
			"Name": "Sweep Up and Down",
			"Tooltip": "To perform the Sweep in up and down"
		},
		{
			"Name": "Math Constants",
			"Tooltip": "Enter the constant value for the operation"
		},
		{
			"Name": "Math Source",
			"Tooltip": "Select the source to do the operation"
		},
		{
			"Name": "Math Source Filter",
			"Tooltip": "Select the source filter for the source"
		},
		{
			"Name": "Math Filter Tap",
			"Tooltip": "Select the filter tap for the source filter"
		},
		{
			"Name": "Math Operation Selection",
			"Tooltip": "Select the operation to perform"
		},
		{
			"Name": "Math Output",
			"Tooltip": "Output of the math operations"
		},
		{
			"Name": "Check for Update",
			"Tooltip": "Checks for the new update if available"
		},
		{
			"Name": "Dump Information",
			"Tooltip": "Dump the infomations to the file"
		},
		{
			"Name": "About OK",
			"Tooltip": "Closes the Window"
		},
		{
			"Name": "Sensor Name",
			"Tooltip": "Sensor Name"
		},
		{
			"Name": "EvalBoard Name",
			"Tooltip": "EvalBoard Name"
		},
		{
			"Name": "1MHz Clock",
			"Tooltip": "1MHz Clock Calibration"
		},
		{
			"Name": "32kHz Clock",
			"Tooltip": "32kHz Clock Calibration"
		},
		{
			"Name": "32MHz Clock",
			"Tooltip": "32MHz Clock Calibration"
		},
		{
			"Name": "Zero Offset A",
			"Tooltip": "Zero Offset Calibration for Slot A"
		},
		{
			"Name": "Zero Offset B",
			"Tooltip": "Zero Offset Calibration for Slot B"
		},
		{
			"Name": "Zero Offset Value",
			"Tooltip": "Offset Value to Calibrate"
		},
		{
			"Name": "User Cal Parameter",
			"Tooltip": "User Cal Parameter"
		},
		{
			"Name": "Zero Nosignal Offset",
			"Tooltip": "Zero Nosignal Offset Calibraion"
		},
		{
			"Name": "LED Intensity Optimize",
			"Tooltip": "LED Intensity Optimize"
		},
		{
			"Name": "Calibrate",
			"Tooltip": "Calibrate the selections"
		}
	],
	"ConfigurationControls":[
		{
			"Name":"LoadDCFG",
			"Tooltip":"Load the DCFG configuration to the device"
		},
		{
			"Name":"SaveDCFG",
			"Tooltip":"Save the DCFG to the device"
		},
		{
			"Name":"ApplyConfiguration",
			"Tooltip":"Apply the configuration settings to the device"
		},		
		{
			"Name":"Sampling frequency",
			"Tooltip":"Set sampling frequency to the device"
		},
		{
			"Name":"Internal Avg",
			"Tooltip":"Set decimate rate to the device"
		},
		{
			"Name":"Restore",
			"Tooltip":"Restore all the configuration controls"
		},
		{
			"Name":"Power Calculation",
			"Tooltip":"Open power calculation window"
		},
		{
			"Name":"Register Address Field",
			"Tooltip":"Type the register address to read/write"
		},
		{
			"Name":"Register Value Field",
			"Tooltip":"Type the register Value to write to the specified register address"
		},
		{
			"Name":"Single Register Read",
			"Tooltip":"Click to read the specified register"
		},
		{
			"Name":"Single Register Write",
			"Tooltip":"Click to Write the specified value to mentioned register address"
		},	
		{
			"Name":"Slot Format",
			"Tooltip":"Select slot type"
		},
		{
			"Name":"TIA Gain",
			"Tooltip":"Select TIA gain"
		},
		{
			"Name":"LED",
			"Tooltip":"Select LED number"
		},
		{
			"Name":"LED Status",
			"Tooltip":"Select LED state"
		},
		{
			"Name":"I LED Coarse",
			"Tooltip":"Select ILED Coarse"
		},
		{
			"Name":"Scale Factor",
			"Tooltip":"Select scale factor"
		},
		{
			"Name":"I LED Track",
			"Tooltip":"Select ILED for final LED current calculation"
		},
		{
			"Name":"Final I LED",
			"Tooltip":"Calculated final LED current"
		},
		{
			"Name":"AFE Width",
			"Tooltip":"Enter AFE width"
		},
		{
			"Name":"Pulse Width",
			"Tooltip":"Enter pulse width"
		},
		{
			"Name":"Pulse Offset",
			"Tooltip":"Enter pulse offset"
		},
		{
			"Name":"AFE Offset",
			"Tooltip":"Enter AFE offset"
		},
		{
			"Name":"AFE Fine Offset",
			"Tooltip":"Enter AFE fine offset"
		},
		{
			"Name":"Float1 Timing",
			"Tooltip":"Enter float1 time"
		},
		{
			"Name":"Float2 Timing",
			"Tooltip":"Enter float2 time"
		},
		{
			"Name": "Float width",
			"Tooltip": "Enter LED Pulse width"
		},
		{
			"Name": "Impulse Offset",
			"Tooltip": "Enter Impulse Offset"
		},
		{
			"Name": "No of Points",
			"Tooltip": "Enter number of points"
		},
		{
			"Name":"Minimum Period",
			"Tooltip": "Enter Minimum Period"
		},
		{
			"Name":"Number of pulses",
			"Tooltip":"Enter number of pulses"
		},
		{
			"Name":"Data Shift",
			"Tooltip":"Click to enable data shift"
		},
		{
			"Name":"Slot Select",
			"Tooltip":"Enable/disable the slot"
		},
		{
			"Name":"Channel Select",
			"Tooltip":"Enable/disable the channel"
		},
		{
			"Name":"Slot Bypass",
			"Tooltip":"Enable to skip/bypass the slot"
		},
		{
			"Name":"Impulse select",
			"Tooltip":"Enable/disable the impulse mode"
		},
		{
			"Name":"Dark size",
			"Tooltip":"Select dark data size"
		},
		{
			"Name":"Signal size",
			"Tooltip":"Select signal data size"
		},
		{
			"Name":"LED output select",
			"Tooltip":"Click to select LED output"
		},
		{
			"Name":"LED Current",
			"Tooltip":"Set LED Current"
		},
		{
			"Name":"Calculated LED Current",
			"Tooltip":"Displaying calculated LED current"
		}
	],
	"GraphControls":[
		{
			"Name":"Show point values",
			"Tooltip":""
		},
		{
			"Name":"Freeze scale",
			"Tooltip":""
		},
		{
			"Name":"Scale",
			"Tooltip":"Setting X and Y axis scale"
		},
		{
			"Name":"X Axis",
			"Tooltip":"Setting X axis scale in samples or seconds"
		},
		{
			"Name":"Samples",
			"Tooltip":"Setting X axis scale in samples"
		},
		{
			"Name":"Seconds",
			"Tooltip":"Setting X axis scale in seconds"
		},
		{
			"Name":"Y Axis",
			"Tooltip":"Setting Y axis scale in Auto or Manual"
		},
		{
			"Name":"Auto",
			"Tooltip":"Set Y axis scale range automatically based on sensor data"
		},
		{
			"Name":"Manual",
			"Tooltip":"Set the Y axis minimum and maximum range manually"
		},
		{
			"Name":"Unit",
			"Tooltip":"Display the sensor data in graph with selected unit conversion"
		},
		{
			"Name":"Counts",
			"Tooltip":"Display the sensor data in graph without any unit conversion"
		},
		{
			"Name":"CTR",
			"Tooltip":"Apply CTR conversion to the sensor data in graph"
		},
		{
			"Name":"PTR",
			"Tooltip":"Apply PTR conversion to the sensor data in graph"
		},
		{
			"Name":"uV",
			"Tooltip":"Apply uV unit conversion to the sensor data in graph"
		},
		{
			"Name":"Capacitance",
			"Tooltip":"Capacitance Value for uV unit conversion"
		},		
		{
			"Name":"Export to Clipboard",
			"Tooltip":"Copy all the data points from the graph to clipboard"
		},
		{
			"Name":"Sample count",
			"Tooltip":"Sample count option for displaying number of sample in Graph for selected X axis scale"
		},		
		{
			"Name":"Line width",
			"Tooltip":"To change the width of the line graph plot"
		},
		{
			"Name":"Null offset",
			"Tooltip":"Apply DC Offset to the sensor data in graph"
		},
		{
			"Name": "stats offset",
			"Tooltip": "Apply satistics offset value to the sensor data in graph"
		}	
	]
}
