{
	"GenericControls":[
		{
			"Name":"Play",
			"Controls":["btn_play","toolStripPlay"]
		},
		{
			"Name":"Pause",
			"Controls":["btn_pause", "toolStripButtonPause"]
		},
		{
			"Name": "Stop",
			"Controls": [ "btn_stop", "toolStripStop" ]
		},
		{
			"Name":"Log",
			"Controls":["btn_Log","toolStripLog"]
		},
		{
			"Name":"Statistics",
			"Controls":["btn_stat", "toolStripStatistics"]
		},
		{
			"Name":"Configuration",
			"Controls":["toolStripConfig",""]
		},
		{
			"Name": "UDP Transfer",
			"Controls": ["toolStripUDP", "" ]
		},
		{
			"Name": "Math Operation",
			"Controls": [ "btn_Opr_selection", "toolStripSigma" ]
		},
		{
			"Name":"Calibration select",
			"Controls":["btn_cal_selection", "toolStripClock"]
		},				
		{
			"Name":"Test Command",
			"Controls":["btn_test_command", ""]
		},
		{
			"Name":"Graph selection",
			"Controls":["gb_overlap", "cmbOverlapOpr", ""]
		},
		{
			"Name":"Slot Mode",
			"Controls":["lbl_modeA", "lbl_modeB","cb_enableSlotA", "cb_enableSlotB"]
		},
		{
			"Name":"Slot Control",
			"Controls":["cb_enableSlotA", "cb_enableSlotB"]
		},
		{
			"Name":"Slot Type",
			"Controls":["lbl_SlotModeA", "lbl_SlotModeB"]
		},
		{
			"Name":"Expected ODR",
			"Controls":["toolStripExpODR", "statusExpODR"]
		},
		{
			"Name":"Measured ODR",
			"Controls":["toolStripMeasuredODR", "statusMeasuredODR"]
		},
		{
			"Name":"Dropped samples",
			"Controls":["toolStripDroppedSamples", "statusDroppedSamples"]
		},
		{
			"Name":"UDP Transfer state",
			"Controls":["toolStripUDPTransferRate", "statusUDPTransfer"]
		},
		{
			"Name":"Logging state",
			"Controls":["toolStripLoggingState", "statusLogging"]
		},
		{
			"Name": "Data streaming status",
			"Controls": [ "ssTemplateViewText", "" ]
		},
		{
			"Name":"Slot Select",
			"Controls":["cmb_getSlot_A", "cmb_getSlot_B","cmb_getImpulseSlot"]
		},		
		{
			"Name": "Connect Disconnect",
			"Controls": [ "toolStrip_Connect_Disconnect", "" ]
		},
		{
			"Name": "Firmware Update",
			"Controls": [ "toolStrip_FirmwareUpdate", "" ]
		},
		{
			"Name": "Settings",
			"Controls": [ "toolStrip_Settings", "" ]
		},
		{
			"Name": "About",
			"Controls": [ "toolStrip_About", "" ]
		},
		{
			"Name": "Help",
			"Controls": [ "toolStrip_Help", "" ]
		},
		{
			"Name": "Sensors",
			"Controls": [ "lbl_Sensors", "" ]
		},
		{
			"Name": "Applications",
			"Controls": [ "lbl_Applications", "" ]
		},
		{
			"Name": "Connection Status",
			"Controls": [ "toolStripStatusLabel1", "" ]
		},
		{
			"Name": "UDP IP Address",
			"Controls": [ "LblIpAddr", "tb_IpAddress" ]
		},
		{
			"Name": "Raw Data Transfer Port",
			"Controls": [ "lbl_Rawdataport", "mtbRawDataPort" ]
		},
		{
			"Name": "Command Port",
			"Controls": [ "lbl_CommandPort", "mtbCmdPort" ]
		},
		{
			"Name": "Response Port",
			"Controls": [ "lbl_ResponsePort", "mtbRespPort" ]
		},
		{
			"Name": "UDP Apply",
			"Controls": [ "btnOk", "" ]
		},
		{
			"Name": "UDP Connect_Disconnect",
			"Controls": [ "btn_connect", "" ]
		},
		{
			"Name": "Open Logs",
			"Controls": [ "btn_OpenLogs", "" ]
		},
		{
			"Name": "Change Log Folder",
			"Controls": [ "btn_ChangeFolder", "" ]
		},
		{
			"Name": "Log Folder path",
			"Controls": [ "tb_logpath", "" ]
		},
		{
			"Name": "Register Debug Logging",
			"Controls": [ "cb_registerlogging", "" ]
		},
		{
			"Name": "EEPROM Read Output",
			"Controls": [ "tb_readEEPROM", "" ]
		},
		{
			"Name": "EEPROM MFG",
			"Controls": [ "tb_manufacturar", "lbl_manufacturar" ]
		},
		{
			"Name": "EEPROM HW_ID",
			"Controls": [ "tb_HW_ID", "lbl_HW_ID" ]
		},
		{
			"Name": "EEPROM BOM_ID",
			"Controls": [ "tb_BOM_ID", "lbl_BOM_ID" ]
		},
		{
			"Name": "EEPROM BATCH_ID",
			"Controls": [ "tb_batch", "lbl_batch" ]
		},
		{
			"Name": "EEPROM DATE",
			"Controls": [ "tb_date", "lbl_date" ]
		},
		{
			"Name": "EEPROM ADDT",
			"Controls": [ "tb_additional", "lbl_additional" ]
		},
		{
			"Name": "EEPROM Read",
			"Controls": [ "btn_read", "" ]
		},
		{
			"Name": "EEPROM Write Output",
			"Controls": [ "tb_writeEEPROM", "" ]
		},
		{
			"Name": "EEPROM Write",
			"Controls": [ "btn_write", "" ]
		},
		{
			"Name": "Statistics Update",
			"Controls": [ "btn_Update", "" ]
		},
		{
			"Name": "Statistics Save",
			"Controls": [ "btn_Save", "" ]
		},
		{
			"Name": "Statistics Sweep",
			"Controls": [ "btn_Sweep", "" ]
		},
		{
			"Name": "Statistics Grab",
			"Controls": [ "nudGrab", "" ]
		},
		{
			"Name": "Statistics Sample Window Size",
			"Controls": [ "nudSampleWindow", "" ]
		},
		{
			"Name": "Statistics Comments",
			"Controls": [ "tb_Comment", "" ]
		},
		{
			"Name": "Sweep Register",
			"Controls": [ "nud_swp_SReg", "" ]
		},
		{
			"Name": "Sweep Start Value",
			"Controls": [ "nud_swp_start", "" ]
		},
		{
			"Name": "Sweep Stop Value",
			"Controls": [ "nud_swp_stop", "" ]
		},
		{
			"Name": "Sweep Step",
			"Controls": [ "nud_swp_step", "" ]
		},
		{
			"Name": "Sweep Skip",
			"Controls": [ "nud_swp_skip", "" ]
		},
		{
			"Name": "Sweep Up and Down",
			"Controls": [ "cb_swp_updown", "" ]
		},
		{
			"Name": "Math Constants",
			"Controls": [ "nupConstant0", "nupConstant1", "nupConstant2", "nupConstant3" ]
		},
		{
			"Name": "Math Source",
			"Controls": [ "cmbSource0", "cmbSource1", "cmbSource2", "cmbSource3" ]
		},
		{
			"Name": "Math Source Filter",
			"Controls": [ "cmb_SourceFilter0", "cmb_SourceFilter1", "cmb_SourceFilter2", "cmb_SourceFilter3", "cmb_SourceFilterFinal" ]
		},
		{
			"Name": "Math Filter Tap",
			"Controls": [ "nud_filtertap0", "nud_filtertap1", "nud_filtertap2", "nud_filtertap3",  "nud_filtertapFinal" ]
		},
		{
			"Name": "Math Operation Selection",
			"Controls": [ "cmbOperation0", "cmbOperation1", "cmbOperation2" ]
		},
		{
			"Name": "Math Output",
			"Controls": [ "tbOprEqn" ]
		},
		{
			"Name": "Check for Update",
			"Controls": [ "btn_checkforupdate" ]
		},
		{
			"Name": "Dump Information",
			"Controls": [ "btn_dump" ]
		},
		{
			"Name": "About OK",
			"Controls": [ "Btn_OK" ]
		},
		{
			"Name": "Sensor Name",
			"Controls": [ "lbl_sensorname" ]
		},
		{
			"Name": "EvalBoard Name",
			"Controls": [ "lbl_Evalboard" ]
		},
		{
			"Name": "1MHz Clock",
			"Controls": [ "cb_1Mclock" ]
		},
		{
			"Name": "32kHz Clock",
			"Controls": [ "cb_32kclock"]
		},
		{
			"Name": "32MHz Clock",
			"Controls": [ "cb_32Mclock" ]
		},
		{
			"Name": "Zero Offset A",
			"Controls": [ "cb_zerooffsetA" ]
		},
		{
			"Name": "Zero Offset B",
			"Controls": [ "cb_zerooffsetB" ]
		},
		{
			"Name": "Zero Offset Value",
			"Controls": [ "num_zerooffsetA", "num_zerooffsetB" ]
		},
		{
			"Name": "User Cal Parameter",
			"Controls": [ "cb_user" ]
		},
		{
			"Name": "Zero Nosignal Offset",
			"Controls": [ "cb_ZeroNosignaloffset" ]
		},
		{
			"Name": "LED Intensity Optimize",
			"Controls": [ "cb_LEDIntensityOptimize" ]
		},
		{
			"Name": "Calibrate",
			"Controls": [ "btn_Calibrate" ]
		}
	],
	"ConfigurationControls":[
		{
			"Name":"LoadDCFG",
			"Controls":["btn_load_dcfg",""]
		},
		{
			"Name":"SaveDCFG",
			"Controls":["btn_save_cfg", ""]
		},
		{
			"Name":"ApplyConfiguration",
			"Controls":["btn_apply", ""]
		},
		{
			"Name":"Sampling frequency",
			"Controls":["num_sampfrequency",""]
		},
		{
			"Name":"Internal Avg",
			"Controls":["cmb_decrate", "num_internalAvg"]
		},
		{
			"Name":"Restore",
			"Controls":["btn_Refresh", ""]
		},
		{
			"Name":"Power Calculation",
			"Controls":["btn_Power_Calc_Info",""]
		},
		{
			"Name":"Register Address Field",
			"Controls":["tb_RegAddress", "lbl_RegisterAddress"]
		},
		{
			"Name":"Register Value Field",
			"Controls":["tb_RegValue", "lbl_RegisterValue"]
		},
		{
			"Name":"Single Register Read",
			"Controls":["btn_ReadRegister",""]
		},
		{
			"Name":"Single Register Write",
			"Controls":["btn_WriteRegister", ""]
		},
		{
			"Name":"Slot Format",
			"Controls":["cmb_slotAselect","cmb_slotBselect"]
		},
		{
			"Name":"TIA Gain",
			"Controls":["cmb_TIAgain_A","cmb_TIAgain_B","cmb_TIAgain_A_CH1","cmb_TIAgain_A_CH2"
			,"cmb_TIAgain_B_CH1","cmb_TIAgain_B_CH2","cmb_TIAgain_C_CH1","cmb_TIAgain_C_CH2"
			,"cmb_TIAgain_D_CH1","cmb_TIAgain_D_CH2","cmb_TIAgain_E_CH1","cmb_TIAgain_E_CH2",
			"cmb_TIAgain_F_CH1","cmb_TIAgain_F_CH2","cmb_TIAgain_G_CH1","cmb_TIAgain_G_CH2",
			"cmb_TIAgain_H_CH1","cmb_TIAgain_H_CH2","cmb_TIAgain_I_CH1","cmb_TIAgain_I_CH2",
			"cmb_TIAgain_J_CH1","cmb_TIAgain_J_CH2","cmb_TIAgain_K_CH1","cmb_TIAgain_K_CH2",
			"cmb_TIAgain_L_CH1","cmb_TIAgain_L_CH2"]
		},
		{
			"Name":"LED",
			"Controls":["cmb_LedSelect_A", "cmb_LedSelect_B"]
		},
		{
			"Name":"LED Status",
			"Controls":["cmb_ledstatus_A","cmb_ledstatus_B"]
		},
		{
			"Name":"I LED Coarse",
			"Controls":["cmb_ledcoarse_slotA", "cmb_ledcoarse_slotB"]
		},
		{
			"Name":"Scale Factor",
			"Controls":["cmb_scale_factor_A", "cmb_scale_factor_B"]
		},
		{
			"Name":"I LED Track",
			"Controls":["trb_ledA","trb_ledB"]
		},
		{
			"Name":"Final I LED",
			"Controls":["tb_final_led1", "tb_final_B_ILed", "lbl_FinalILEDA", "lbl_FinalILEDB"]
		},
		{
			"Name":"AFE Width",
			"Controls": [
				"num_AFEwidthA","num_AFEwidthB","num_AFEwidthC","num_AFEwidthD","num_AFEwidthE","num_AFEwidthF",
				"num_AFEwidthG","num_AFEwidthH","num_AFEwidthI","num_AFEwidthJ","num_AFEwidthK","num_AFEwidthL" ]
		},
		{
			"Name":"Pulse Width",
			"Controls": [
			 "num_pulsewidthA","num_pulsewidthB","num_pulsewidthC","num_pulsewidthD","num_pulsewidthE","num_pulsewidthF",       
			 "num_pulsewidthG","num_pulsewidthH","num_pulsewidthI","num_pulsewidthJ","num_pulsewidthK","num_pulsewidthL"
			]
		},
		{
			"Name":"Pulse Offset",
			"Controls": [
				
				"num_pulseOffsetA","num_pulseOffsetB","num_pulseOffsetC","num_pulseOffsetD","num_pulseOffsetE","num_pulseOffsetF",
				"num_pulseOffsetG","num_pulseOffsetH","num_pulseOffsetI","num_pulseOffsetJ","num_pulseOffsetK","num_pulseOffsetL"
			]
		},
		{
			"Name":"AFE Offset",
			"Controls":["num_AFEoffsetA","num_AFEoffsetB"]
		},
		{
			"Name":"AFE Fine Offset",
			"Controls": [
				"num_AFEfineOffsetA","num_AFEfineOffsetB","num_AFEfineOffsetC","num_AFEfineOffsetD","num_AFEfineOffsetE","num_AFEfineOffsetF",
				"num_AFEfineOffsetG","num_AFEfineOffsetH","num_AFEfineOffsetI","num_AFEfineOffsetJ","num_AFEfineOffsetK","num_AFEfineOffsetL"

			]
		},
		{
			"Name":"Float1 Timing",
			"Controls": [
				"num_float1timeA","num_float1timeB","num_float1timeC","num_float1timeD","num_float1timeE","num_float1timeF",
				"num_float1timeG","num_float1timeH","num_float1timeI","num_float1timeJ","num_float1timeK","num_float1timeL"
			]
		},
		{
			"Name":"Float2 Timing",
			"Controls": [
				"num_float2timeA","num_float2timeB","num_float2timeC","num_float2timeD","num_float2timeE","num_float2timeF",
				"num_float2timeG","num_float2timeH","num_float2timeI","num_float2timeJ","num_float2timeK","num_float2timeL"
			]
		},
		{
			"Name": "Float width",
			"Controls": [
				"num_floatwidthA","num_floatwidthB","num_floatwidthC","num_floatwidthD","num_floatwidthE","num_floatwidthF",
				"num_floatwidthG","num_floatwidthH","num_floatwidthI","num_floatwidthJ","num_floatwidthK","num_floatwidthL"
			]
		},
		{
			"Name": "Impulse Offset",
			"Controls": [
				"num_ImpulseOffsetA","num_ImpulseOffsetB","num_ImpulseOffsetC","num_ImpulseOffsetD","num_ImpulseOffsetE","num_ImpulseOffsetF",
				"num_ImpulseOffsetG","num_ImpulseOffsetH","num_ImpulseOffsetI","num_ImpulseOffsetJ","num_ImpulseOffsetK","num_ImpulseOffsetL"
			]
		},
		{
			"Name": "No of Points",
			"Controls": [
				"num_NumberofPointsA","num_NumberofPointsB","num_NumberofPointsC","num_NumberofPointsD","num_NumberofPointsE","num_NumberofPointsF",
				"num_NumberofPointsG","num_NumberofPointsH","num_NumberofPointsI","num_NumberofPointsJ","num_NumberofPointsK","num_NumberofPointsL"
			]
		},
				{
			"Name":"Minimum Period",
			"Controls": [
				"num_MinPeriodA","num_MinPeriodB","num_MinPeriodC","num_MinPeriodD","num_MinPeriodE","num_MinPeriodF",
				"num_MinPeriodG","num_MinPeriodH","num_MinPeriodI","num_MinPeriodJ","num_MinPeriodK","num_MinPeriodL"
			]
		},
		{
			"Name":"Number of pulses",
			"Controls": [
				"num_pulseA","num_pulseB","num_pulseC","num_pulseD","num_pulseE","num_pulseF",
				"num_pulseG","num_pulseH","num_pulseI","num_pulseJ","num_pulseK","num_pulseL"
			]
		},
		{
			"Name":"Data Shift",
			"Controls":["btn_DataShift", ""]
		},
		{
			"Name":"Slot Select",
			"Controls":["cb_SlotAEnable", "cb_SlotBEnable","cb_SlotCEnable", "cb_SlotDEnable","cb_SlotEEnable", "cb_SlotFEnable"
			,"cb_SlotGEnable", "cb_SlotHEnable","cb_SlotIEnable", "cb_SlotJEnable","cb_SlotKEnable", "cb_SlotLEnable"]
		},
		{
			"Name":"Channel Select",
			"Controls":["cb_Ch1_A", "cb_Ch2_A","cb_Ch1_B", "cb_Ch2_B","cb_Ch1_C", "cb_Ch2_C","cb_Ch1_D", "cb_Ch2_D","cb_Ch1_E", "cb_Ch2_E"
			,"cb_Ch1_F", "cb_Ch2_F","cb_Ch1_G", "cb_Ch2_G","cb_Ch1_H", "cb_Ch2_H","cb_Ch1_I", "cb_Ch2_I"
			,"cb_Ch1_J", "cb_Ch2_J","cb_Ch1_K", "cb_Ch2_K","cb_Ch1_L", "cb_Ch2_L"]
		},
		{
			"Name":"Slot Bypass",
			"Controls":["cb_Slot_Power_A", "cb_Slot_Power_B", "cb_Slot_Power_C", "cb_Slot_Power_D", "cb_Slot_Power_E", "cb_Slot_Power_F"
			, "cb_Slot_Power_G", "cb_Slot_Power_H", "cb_Slot_Power_I", "cb_Slot_Power_J", "cb_Slot_Power_K", "cb_Slot_Power_L"]
		},
		{
			"Name":"Impulse select",
			"Controls":["cb_A_Impulse", "cb_B_Impulse", "cb_C_Impulse", "cb_D_Impulse", "cb_E_Impulse", "cb_F_Impulse"
			, "cb_G_Impulse", "cb_H_Impulse", "cb_I_Impulse", "cb_J_Impulse", "cb_K_Impulse", "cb_L_Impulse"]
		},
		{
			"Name":"Dark size",
			"Controls":["cmb_SlotAformat_D", "cmb_SlotBformat_D","cmb_SlotCformat_D", "cmb_SlotDformat_D","cmb_SlotEformat_D", "cmb_SlotFformat_D"
			,"cmb_SlotGformat_D", "cmb_SlotHformat_D","cmb_SlotIformat_D", "cmb_SlotJformat_D","cmb_SlotKformat_D", "cmb_SlotLformat_D"]
		},
		{
			"Name":"Signal size",
			"Controls":["cmb_SlotAformat_S", "cmb_SlotBformat_S","cmb_SlotCformat_S", "cmb_SlotDformat_S","cmb_SlotEformat_S", "cmb_SlotFformat_S"
			,"cmb_SlotGformat_S", "cmb_SlotHformat_S","cmb_SlotIformat_S", "cmb_SlotJformat_S","cmb_SlotKformat_S", "cmb_SlotLformat_S"]
		},
		{
			"Name":"LED output select",
			"Controls":["btn_LED1A_A","btn_LED1A_B","btn_LED1A_C","btn_LED1A_D","btn_LED1A_E","btn_LED1A_F","btn_LED1A_G","btn_LED1A_H","btn_LED1A_I","btn_LED1A_J","btn_LED1A_K","btn_LED1A_L"
			,"btn_LED2A_A", "btn_LED2A_B","btn_LED2A_C", "btn_LED2A_D","btn_LED2A_E", "btn_LED2A_F","btn_LED2A_G", "btn_LED2A_H","btn_LED2A_I", "btn_LED2A_J","btn_LED2A_K", "btn_LED2A_L"
			,"btn_LED3A_A", "btn_LED3A_B","btn_LED3A_C", "btn_LED3A_D","btn_LED3A_E", "btn_LED3A_F","btn_LED3A_G", "btn_LED3A_H","btn_LED3A_I", "btn_LED3A_J","btn_LED3A_K", "btn_LED3A_L"
			,"btn_LED4A_A", "btn_LED4A_B","btn_LED4A_C", "btn_LED4A_D","btn_LED4A_E", "btn_LED4A_F","btn_LED4A_G", "btn_LED4A_H","btn_LED4A_I", "btn_LED4A_J","btn_LED4A_K", "btn_LED4A_L"]
		},
		{
			"Name":"LED Current",
			"Controls":["num_LED1A_A", "num_LED1A_B","num_LED1A_C", "num_LED1A_D","num_LED1A_E", "num_LED1A_F","num_LED1A_G", "num_LED1A_H","num_LED1A_I", "num_LED1A_J","num_LED1A_K", "num_LED1A_L"
			,"num_LED2A_A", "num_LED2A_B","num_LED2A_C", "num_LED2A_D","num_LED2A_E", "num_LED2A_F","num_LED2A_G", "num_LED2A_H","num_LED2A_I", "num_LED2A_J","num_LED2A_K", "num_LED2A_L"
			,"num_LED3A_A", "num_LED3A_B","num_LED3A_C", "num_LED3A_D","num_LED3A_E", "num_LED3A_F","num_LED3A_G", "num_LED3A_H","num_LED3A_I", "num_LED3A_J","num_LED3A_K", "num_LED3A_L"
			,"num_LED4A_A", "num_LED4A_B","num_LED4A_C", "num_LED4A_D","num_LED4A_E", "num_LED4A_F","num_LED4A_G", "num_LED4A_H","num_LED4A_I", "num_LED4A_J","num_LED4A_K", "num_LED4A_L"]
		},
		{
			"Name":"Calculated LED Current",
			"Controls":["lbl_LED1A_A", "lbl_LED1A_B","lbl_LED1A_C", "lbl_LED1A_D","lbl_LED1A_E", "lbl_LED1A_F","lbl_LED1A_G", "lbl_LED1A_H","lbl_LED1A_I", "lbl_LED1A_J","lbl_LED1A_K", "lbl_LED1A_L"
			,"lbl_LED2A_A", "lbl_LED2A_B","lbl_LED2A_C", "lbl_LED2A_D","lbl_LED2A_E", "lbl_LED2A_F","lbl_LED2A_G", "lbl_LED2A_H","lbl_LED2A_I", "lbl_LED2A_J","lbl_LED2A_K", "lbl_LED2A_L"
			,"lbl_LED3A_A", "lbl_LED3A_B","lbl_LED3A_C", "lbl_LED3A_D","lbl_LED3A_E", "lbl_LED3A_F","lbl_LED3A_G", "lbl_LED3A_H","lbl_LED3A_I", "lbl_LED3A_J","lbl_LED3A_K", "lbl_LED3A_L"
			,"lbl_LED4A_A", "lbl_LED4A_B","lbl_LED4A_C", "lbl_LED4A_D","lbl_LED4A_E", "lbl_LED4A_F","lbl_LED4A_G", "lbl_LED4A_H","lbl_LED4A_I", "lbl_LED4A_J","lbl_LED4A_K", "lbl_LED4A_L"]
		},
		{
			"Name":"Sub-Sampling",
			"Controls": [
				"cb_SubsampleA","cb_SubsampleB","cb_SubsampleC","cb_SubsampleD","cb_SubsampleE","cb_SubsampleF",
				"cb_SubsampleG","cb_SubsampleH","cb_SubsampleI","cb_SubsampleJ","cb_SubsampleK","cb_SubsampleL"
			]
		},
		{
			"Name":"Decimation",
			"Controls": [
				"num_decA","num_decB","num_decC","num_decD","num_decE","num_decF",
				"num_decG","num_decH","num_decI","num_decJ","num_decK","num_decL"
			]
		}
	],
	"GraphControls":[
		{
			"Name":"Show point values",
			"Controls":[""]
		},
		{
			"Name":"Freeze scale",
			"Controls":[""]
		},
		{
			"Name":"Scale",
			"Controls":[""]
		},
		{
			"Name":"X Axis",
			"Controls":[""]
		},
		{
			"Name":"Samples",
			"Controls":[""]
		},
		{
			"Name":"Seconds",
			"Controls":[""]
		},
		{
			"Name":"Y Axis",
			"Controls":[""]
		},
		{
			"Name":"Auto",
			"Controls":[""]
		},
		{
			"Name":"Manual",
			"Controls":[""]
		},
		{
			"Name":"Unit",
			"Controls":[""]
		},
		{
			"Name":"Counts",
			"Controls":[""]
		},
		{
			"Name":"CTR",
			"Controls":[""]
		},
		{
			"Name":"PTR",
			"Controls":[""]
		},
		{
			"Name":"uV",
			"Controls":[""]
		},
		{
			"Name":"Capacitance",
			"Controls":[""]
		},		
		{
			"Name":"Export to Clipboard",
			"Controls":[""]
		},
		{
			"Name":"Sample count",
			"Controls":[""]
		},		
		{
			"Name":"Line width",
			"Controls":[""]
		},
		{
			"Name":"Null offset",
			"Controls":[""]
		},
		{
			"Name": "stats offset",
			"Controls": [ "" ]
		},
		{
			"Name": "Graph Selection",
			"Controls": [ "gb_overlap", "cmbOverlapOpr", "" ]
		}		
	]
}
