{
  "GlobalSettings": {
    "SamplingRate": {
      "Parameters": [
        {
          "Name": "Sampling Rate",
          "Control": "NumericUpDown",
          "Listval": [ "3", "1000" ],
          "Value": [ 100 ],
          "RegisterName": "TS_FREQ",
          "SlotName": "NA",
          "RegisterFieldName": "NA",
          "StartBit": 0,
          "EndBit": 15,
          "IsValueChanged": [ "False" ]
        }
      ]
    },
    "LFOsc": {
      "Parameters": [
        {
          "Name": "LF OSC",
          "Control": "ComboBox",
          "Listval": [ "32k", "1M" ],
          "Value": [ 0 ],
          "RegisterName": "SYS_CTL",
          "SlotName": "NA",
          "RegisterFieldName": "LFOSC_SEL",
          "StartBit": 3,
          "EndBit": 3,
          "IsValueChanged": [ "False" ]
        }
      ]
    },
    "NumActiveSlots": {
      "Parameters": [
        {
          "Name": "Active Slots Num",
          "Control": "ComboBox",
          "Listval": [ 1, 2, 3, 4, 5, 6, 7, 8, 9, 10, 11, 12 ],
          "Value": [ 3 ],
          "RegisterName": "OPMODE",
          "SlotName": "NA",
          "RegisterFieldName": "TIMESLOT_EN",
          "StartBit": 8,
          "EndBit": 11,
          "IsValueChanged": [ "False" ]
        }
      ]
    },
    "InputConfig": {
      "Parameters": [
        {
          "Name": "Pair12 Config",
          "Control": "Button",
          "Listval": [ "Single", "Differential" ],
          "Value": [ 0 ],
          "RegisterName": "INPUT_CFG",
          "SlotName": "NA",
          "RegisterFieldName": "PAIR12",
          "StartBit": 0,
          "EndBit": 0,
          "IsValueChanged": [ "False" ]
        },
        {
          "Name": "Pair34 Config",
          "Control": "Button",
          "Listval": [ "Single", "Differential" ],
          "Value": [ 0 ],
          "RegisterName": "INPUT_CFG",
          "SlotName": "NA",
          "RegisterFieldName": "PAIR34",
          "StartBit": 1,
          "EndBit": 1,
          "IsValueChanged": [ "False" ]
        },
        {
          "Name": "Pair56 Config",
          "Control": "Button",
          "Listval": [ "Single", "Differential" ],
          "Value": [ 0 ],
          "RegisterName": "INPUT_CFG",
          "SlotName": "NA",
          "RegisterFieldName": "PAIR56",
          "StartBit": 2,
          "EndBit": 2,
          "IsValueChanged": [ "False" ]
        },
        {
          "Name": "Pair78 Config",
          "Control": "Button",
          "Listval": [ "Single", "Differential" ],
          "Value": [ 0 ],
          "RegisterName": "INPUT_CFG",
          "SlotName": "NA",
          "RegisterFieldName": "PAIR78",
          "StartBit": 3,
          "EndBit": 3,
          "IsValueChanged": [ "False" ]
        }
      ]
    }
  },
  "SlotGlobalSettings": {
    "TiaVref": {
      "Parameters": [
        {
          "Name": "TiaVref",
          "Control": "ComboBox",
          "Listval": ["1.1385", "1.012", "0.8855" ,"1.265" ],
          "Value": [ 1, 0, 0, 0, 0, 0, 0, 0, 0, 0, 0, 0 ],
          "RegisterName": "AFE_TRIM",
          "SlotName": "A",
          "RegisterFieldName": "AFE_TRIM_VREF",
          "StartBit": 8,
          "EndBit": 9,
          "IsValueChanged": [ "False", "False", "False", "False", "False", "False", "False", "False", "False", "False", "False", "False" ]
        }
      ]
    },
    "VC1": {
      "Parameters": [
        {
          "Name": "VC1",
          "Control": "ComboBox",
          "Listval": ["VDD", "AFE_Vref", "V_Delta", "GND" ],
          "Value": [ 1, 0, 0, 0, 0, 0, 0, 0, 0, 0, 0, 0 ],
          "RegisterName": "CATHODE",
          "SlotName": "A",
          "RegisterFieldName": "VC1_SEL",  
          "StartBit": 0,
          "EndBit": 1,
          "IsValueChanged": [ "False", "False", "False", "False", "False", "False", "False", "False", "False", "False", "False", "False" ]
        }
      ]
    },
    "VC2": {
      "Parameters": [
        {
          "Name": "VC2",
          "Control": "ComboBox",
          "Listval": ["VDD", "AFE_Vref", "V_Delta","GND" ],
          "Value": [ 1, 0, 0, 0, 0, 0, 0, 0, 0, 0, 0, 0 ],
          "RegisterName": "CATHODE",
          "SlotName": "A",
          "RegisterFieldName": "VC2_SEL",
          "StartBit": 6,
          "EndBit": 7,
          "IsValueChanged": [ "False", "False", "False", "False", "False", "False", "False", "False", "False", "False", "False", "False" ]
        }
      ]
    },
    "CH2_Enable": {
      "Parameters": [
        {
          "Name": "Channel2 Config",
          "Control": "CheckBox",
          "Listval": [],
          "Value": [ 1, 0, 1, 0, 1, 0, 1, 0, 1, 0, 1, 0 ], //Values Per Slot,
          "RegisterName": "TS_CTRL",
          "SlotName": "A",
          "RegisterFieldName": "CH2_EN", //Need to append Slot name with register field name - CH2_EN_A (Slot A)
          "StartBit": 14,
          "EndBit": 14,
          "IsValueChanged": [ "False", "False", "False", "False", "False", "False", "False", "False", "False", "False", "False", "False" ] //12 slots
        }
      ]
    },
    "InputMux": {
      "Parameters": [
        {
          "Name": "InputMux Config",
          "Control": "ComboBox",
          "Listval": ["IN1","IN2","IN3","IN4","IN5","IN6","IN7","IN8"],
          "Value": [ 1, 0, 1, 0, 1, 0, 1, 0, 1, 0, 1, 0 ], //Values Per Slot,
          "RegisterName": "INPUTS",
          "SlotName": "A",
          "RegisterFieldName": "NA", //Need to append Slot name with register field name - CH2_EN_A (Slot A)
          "StartBit": 0,
          "EndBit": 15,
          "IsValueChanged": [ "False", "False", "False", "False", "False", "False", "False", "False", "False", "False", "False", "False" ] //12 slots
        }
      ]
    }
  },
  "SlotChipSettings": {
    "RinChX": {
      "Parameters": [
        {
          "Name": "Rin",
          "Control": "ComboBox",
          "Listval": [ "0.5K", "6.5K" ],
          "Value": [ 0, 0, 0, 0, 0, 0, 0, 0, 0, 0, 0, 0 ], //Values Per Slot,
          "RegisterName": "TS_CTRL",
          "SlotName": "A",
          "RegisterFieldName": "INPUT_R_SELECT",
          "StartBit": 10,
          "EndBit": 11,
          "IsValueChanged": [ "False", "False", "False", "False", "False", "False", "False", "False", "False", "False", "False", "False" ] //12 slots
        }
      ]
    },
    "RfCh1": {
      "Parameters": [
        {
          "Name": "Rf",
          "Control": "ComboBox",
          "Listval": [ "200K", "100K", "50K", "25K", "12.5K" ],
          "Value": [ 0, 0, 0, 0, 0, 0, 0, 0, 0, 0, 0, 0 ], //Values Per Slot,
          "RegisterName": "AFE_TRIM",
          "SlotName": "A",
          "RegisterFieldName": "TIA_GAIN_CH1",
          "StartBit": 0,
          "EndBit": 2,
          "IsValueChanged": [ "False", "False", "False", "False", "False", "False", "False", "False", "False", "False", "False", "False" ] //12 slots
        }
      ]
    },
    "RfCh2": {
      "Parameters": [
        {
          "Name": "Rf",
          "Control": "ComboBox",
          "Listval": [ "200K", "100K", "50K", "25K", "12.5K" ],
          "Value": [ 0, 0, 0, 0, 0, 0, 0, 0, 0, 0, 0, 0 ], //Values Per Slot,
          "RegisterName": "AFE_TRIM",
          "SlotName": "A",
          "RegisterFieldName": "TIA_GAIN_CH2",
          "StartBit": 3,
          "EndBit": 5,
          "IsValueChanged": [ "False", "False", "False", "False", "False", "False", "False", "False", "False", "False", "False", "False" ] //12 slots
        }
      ]
    },
    "BPFCh1": {
      "Parameters": [
        {
        }
      ]
    },
    "BPFCh2": {
      "Parameters": [
        {
        }
      ]
    },
    "SwapCh1": {
      "Parameters": [
        {
        }
      ]
    },
    "SwapCh2": {
      "Parameters": [
        {
        }
      ]
    },
    "RintCh1": {
      "Parameters": [
        {
          "Name": "Rint",
          "Control": "ComboBox",
          "Listval": [ "400K", "200K", "100K", "100K" ],
          "Value": [ 0, 0, 0, 0, 0, 0, 0, 0, 0, 0, 0, 0 ], //Values Per Slot,
          "RegisterName": "AFE_TRIM",
          "SlotName": "A",
          "RegisterFieldName": "AFE_TRIM_INT1", //for ADPD4000 -> AFE_TRIM_INT (1) should be removed . TODO: Need to Handle this case.
          "StartBit": 11,
          "EndBit": 12,
          "IsValueChanged": [ "False", "False", "False", "False", "False", "False", "False", "False", "False", "False", "False", "False" ] //12 slots
        }
      ]
    },
    "RintCh2": {
      "Parameters": [
        {
          "Name": "Rint", //Only for 4100
          "Control": "ComboBox",
          "Listval": [ "400K", "200K", "100K", "100K" ],
          "Value": [ 0, 0, 0, 0, 0, 0, 0, 0, 0, 0, 0, 0 ], //Values Per Slot,
          "RegisterName": "AFE_TRIM",
          "SlotName": "A",
          "RegisterFieldName": "AFE_TRIM_INT2",
          "StartBit": 13,
          "EndBit": 14,
          "IsValueChanged": [ "False", "False", "False", "False", "False", "False", "False", "False", "False", "False", "False", "False" ]  //12 slots
        }
      ]

    },
    "ADC": {
      "Parameters": [
        {
          "Name": "ADCOffset_Ch1", //Value 0 if chop mode is enabled
          "Control": "NumericUpDown",
          "Listval": [0,65535],
          "Value": [ 1, 2, 3, 4, 5, 6, 7, 8, 9, 10, 11, 12 ], //Values Per Slot,
          "RegisterName": "ADC_OFF1",
          "SlotName": "A",
          "RegisterFieldName": "NA",
          "StartBit": 0,
          "EndBit": 15,
          "IsValueChanged": [ "False", "False", "False", "False", "False", "False", "False", "False", "False", "False", "False", "False" ]  //12 slots
        },
        {
          "Name": "ADCOffset_Ch2",
          "Control": "NumericUpDown",
          "Listval": [0,65535],
          "Value": [ 1, 2, 3, 4, 5, 6, 7, 8, 9, 10, 11, 12 ], //Values Per Slot,
          "RegisterName": "ADC_OFF2",
          "SlotName": "A",
          "RegisterFieldName": "NA",
          "StartBit": 0,
          "EndBit": 15,
          "IsValueChanged": [ "False", "False", "False", "False", "False", "False", "False", "False", "False", "False", "False", "False" ]  //12 slots
        }
      ]
    }
  },
  "TimingSettings": {    
    "AFEWidth": {
      "Parameters": [
        {
          "Name": "Integrator Width (us)",
          "Control": "NumericUpDown",
          "Listval": [ 0, 31 ],
          "Value": [ 1, 2, 3, 4, 5, 6, 7, 8, 9, 10, 11, 12 ], //Values Per Slot,
          "RegisterName": "INTEG_WIDTH", // 4000 - INTEG_SETUP   4100 - INTEG_WIDTH
          "SlotName": "A",
          "RegisterFieldName": "INTEG_WIDTH",
          "StartBit": 0,
          "EndBit": 4,
          "IsValueChanged": [ "False", "False", "False", "False", "False", "False", "False", "False", "False", "False", "False", "False" ]  //12 slots
        }
      ]
    },
    "LEDWidth": {
      "Parameters": [
        {
          "Name": "LED Width (us)",
          "Control": "NumericUpDown",
          "Listval": [ 0, 255 ],
          "Value": [ 1, 2, 3, 4, 5, 6, 7, 8, 9, 10, 11, 12 ], //Values Per Slot,
          "RegisterName": "LED_PULSE",
          "SlotName": "A",
          "RegisterFieldName": "LED_WIDTH",
          "StartBit": 8,
          "EndBit": 15,
          "IsValueChanged": [ "False", "False", "False", "False", "False", "False", "False", "False", "False", "False", "False", "False" ]  //12 slots
        }
      ]
    },
    "LEDOffset": {
      "Parameters": [
        {
          "Name": "LED Offset (us)",
          "Control": "NumericUpDown",
          "Listval": [ 0, 255 ],
          "Value": [ 1, 2, 3, 4, 5, 6, 7, 8, 9, 10, 11, 12 ], //Values Per Slot,
          "RegisterName": "LED_PULSE",
          "SlotName": "A",
          "RegisterFieldName": "LED_OFFSET",
          "StartBit": 0,
          "EndBit": 7,
          "IsValueChanged": [ "False", "False", "False", "False", "False", "False", "False", "False", "False", "False", "False", "False" ]  //12 slots
        }
      ]
    },
    "IntegratorOffset": {
      "Parameters": [
        {
          "Name": "Integ Offset (ns)",
          "Control": "NumericUpDown",
          "Listval": [ 0, 255968.75 ],
          "Value": [ 1, 2, 3, 4, 5, 6, 7, 8, 9, 10, 11, 12 ], //Values Per Slot,
          "RegisterName": "INTEG_OFFSET", // 4000 - INTEG_OS  4100 - INTEG_OFFSET
          "SlotName": "A",
          "RegisterFieldName": "AFE_TRIM_VREF", //2 Fields needs to be combined
          "StartBit": 0,
          "EndBit": 12,
          "IsValueChanged": [ "False", "False", "False", "False", "False", "False", "False", "False", "False", "False", "False", "False" ]  //12 slots
        }
      ]
    },
    "MODWidth": {
      "Parameters": [
        {
          "Name": "MOD Width (us)",
          "Control": "NumericUpDown",
          "Listval": [ 0, 255 ],
          "Value": [ 1, 2, 3, 4, 5, 6, 7, 8, 9, 10, 11, 12 ], //Values Per Slot,
          "RegisterName": "MOD_PULSE",
          "SlotName": "A",
          "RegisterFieldName": "MOD_WIDTH",
          "StartBit": 8,
          "EndBit": 15,
          "IsValueChanged": [ "False", "False", "False", "False", "False", "False", "False", "False", "False", "False", "False", "False" ]  //12 slots
        }
      ]
    },
    "MODOffset": {
      "Parameters": [
        {
          "Name": "MOD Offset (us)",
          "Control": "NumericUpDown",
          "Listval": [ 0, 255 ],
          "Value": [ 1, 2, 3, 4, 5, 6, 7, 8, 9, 10, 11, 12 ], //Values Per Slot,
          "RegisterName": "MOD_PULSE",
          "SlotName": "A",
          "RegisterFieldName": "MOD_OFFSET",
          "StartBit": 0,
          "EndBit": 7,
          "IsValueChanged": [ "False", "False", "False", "False", "False", "False", "False", "False", "False", "False", "False", "False" ]  //12 slots
        }
      ]
    }
  },
    "LEDSettings": {
      "LEDSelect1": {
        "Parameters": [
          {
            "Name": "LEDSelect1",
            "Control": "ComboBox",
            "Listval": [ "A", "B" ],
            "Value": [ 0, 0, 0, 0, 0, 0, 0, 0, 0, 0, 0, 0 ], //Values Per Slot,
            "RegisterName": "LED_POW12",
            "SlotName": "A",
            "RegisterFieldName": "LED_DRIVESIDE1",
            "StartBit": 7,
            "EndBit": 7,
            "IsValueChanged": [ "False", "False", "False", "False", "False", "False", "False", "False", "False", "False", "False", "False" ]  //12 slots
          }
        ]
      },
      "LEDCurrent1": {
        "Parameters": [
          {
            "Name": "LEDCurrent1",
            "Control": "NumericUpDown",
            "Listval": [ 0, 127 ],
            "Value": [ 1, 2, 3, 4, 5, 6, 7, 8, 9, 10, 11, 12 ], //Values Per Slot,
            "RegisterName": "LED_POW12",
            "SlotName": "A",
            "RegisterFieldName": "LED_CURRENT1",
            "StartBit": 0,
            "EndBit": 6,
            "IsValueChanged": [ "False", "False", "False", "False", "False", "False", "False", "False", "False", "False", "False", "False" ]  //12 slots
          }
        ]
      },
      "LEDSelect2": {
        "Parameters": [
          {
            "Name": "LEDSelect2",
            "Control": "ComboBox",
            "Listval": [ "A", "B" ],
            "Value": [ 0, 0, 0, 0, 0, 0, 0, 0, 0, 0, 0, 0 ], //Values Per Slot,
            "RegisterName": "LED_POW12",
            "SlotName": "A",
            "RegisterFieldName": "LED_DRIVESIDE2",
            "StartBit": 15,
            "EndBit": 15,
            "IsValueChanged": [ "False", "False", "False", "False", "False", "False", "False", "False", "False", "False", "False", "False" ]  //12 slots
          }
        ]
      },
      "LEDCurrent2": {
        "Parameters": [
          {
            "Name": "LEDCurrent2",
            "Control": "NumericUpDown",
            "Listval": [ 0, 127 ],
            "Value": [ 1, 2, 3, 4, 5, 6, 7, 8, 9, 10, 11, 12 ], //Values Per Slot,
            "RegisterName": "LED_POW12",
            "SlotName": "A",
            "RegisterFieldName": "LED_CURRENT2",
            "StartBit": 8,
            "EndBit": 14,
            "IsValueChanged": [ "False", "False", "False", "False", "False", "False", "False", "False", "False", "False", "False", "False" ]  //12 slots
          }
        ]
      },
      "LEDSelect3": {
        "Parameters": [
          {
            "Name": "LEDSelect3",
            "Control": "ComboBox",
            "Listval": [ "A", "B" ],
            "Value": [ 0, 0, 0, 0, 0, 0, 0, 0, 0, 0, 0, 0 ], //Values Per Slot,
            "RegisterName": "LED_POW34",
            "SlotName": "A",
            "RegisterFieldName": "LED_DRIVESIDE3",
            "StartBit": 7,
            "EndBit": 7,
            "IsValueChanged": [ "False", "False", "False", "False", "False", "False", "False", "False", "False", "False", "False", "False" ]  //12 slots
          }
        ]
      },
      "LEDCurrent3": {
        "Parameters": [
          {
            "Name": "LEDCurrent3",
            "Control": "NumericUpDown",
            "Listval": [ 0, 127 ],
            "Value": [ 1, 2, 3, 4, 5, 6, 7, 8, 9, 10, 11, 12 ], //Values Per Slot,
            "RegisterName": "LED_POW34",
            "SlotName": "A",
            "RegisterFieldName": "LED_CURRENT3",
            "StartBit": 0,
            "EndBit": 6,
            "IsValueChanged": [ "False", "False", "False", "False", "False", "False", "False", "False", "False", "False", "False", "False" ]  //12 slots
          }
        ]
      },
      "LEDSelect4": {
        "Parameters": [
          {
            "Name": "LEDSelect4",
            "Control": "ComboBox",
            "Listval": [ "A", "B" ],
            "Value": [ 0, 0, 0, 0, 0, 0, 0, 0, 0, 0, 0, 0 ], //Values Per Slot,
            "RegisterName": "LED_POW34",
            "SlotName": "A",
            "RegisterFieldName": "LED_DRIVESIDE4",
            "StartBit": 15,
            "EndBit": 15,
            "IsValueChanged": [ "False", "False", "False", "False", "False", "False", "False", "False", "False", "False", "False", "False" ]  //12 slots
          }
        ]
      },
      "LEDCurrent4": {
        "Parameters": [
          {
            "Name": "LEDCurrent4",
            "Control": "NumericUpDown",
            "Listval": [ 0, 127 ],
            "Value": [ 1, 2, 3, 4, 5, 6, 7, 8, 9, 10, 11, 12 ], //Values Per Slot,
            "RegisterName": "LED_POW34",
            "SlotName": "A",
            "RegisterFieldName": "LED_CURRENT4",
            "StartBit": 8,
            "EndBit": 14,
            "IsValueChanged": [ "False", "False", "False", "False", "False", "False", "False", "False", "False", "False", "False", "False" ]  //12 slots
          }
        ]
      }
  }   
}