{"FilterProperty":{"FilterName":"Moving Average","PassType":"MOVING_AVG","LowFrequency_3db":"NA","HighFrequency_3db":"NA"}}
{"FilterProperty":{"FilterName":"Delay","PassType":"DELAY","LowFrequency_3db":"NA","HighFrequency_3db":"NA"}}
{"FilterProperty":{"FilterName":"ECG_BP 0.5-40Hz","PassType":"BPF","LowFrequency_3db":"0.50","HighFrequency_3db":"40"}}
{"FilterProperty":{"FilterName":"ECG_BP 1.2-35Hz","PassType":"BPF","LowFrequency_3db":"1.2","HighFrequency_3db":"35"}}
{"FilterProperty":{"FilterName": "Generic LP 0.5Hz","PassType": "LPF","LowFrequency_3db": "0.50","HighFrequency_3db": "40"}}
{"FilterProperty":{"FilterName": "PPG_BP 0.5-5Hz", "PassType": "BPF",  "LowFrequency_3db": "0.50", "HighFrequency_3db":"5"}}
{"FilterProperty":{"FilterName":"Biquad 10-0.4Hz","PassType":"BIQUAD","LowFrequency_3db":"10","HighFrequency_3db":"0.4"}}