{	
	"DeviceInfo":[
		{
			"HardwareID":[{"HW_ID":0x9010,"HW_Name":"EVAL-ADPD188GGZ-PPG"},{"HW_ID":0x9011,"HW_Name":"EVAL-ADPD188GGZ-PPG"}],
			"Description":"ADPD188GGZ PPG Module BR-045640",
			"Family":"OPL ADPD108 family",
			"SensorName":"ADPD188GG",
			"Views_Supported":["ADPD","ADXL","PPG"],
			"BOMID":[{"Revision":"REV_A","Bom_Id":0x0001},{"Revision":"REV_B","Bom_Id":0x0101},{"Revision":"REV_C","Bom_Id":0x0201},{"Revision":"REV_D","Bom_Id":0x0301}],
			"BATCHID":[0x01],
			"M3_PowerSettings":[{"Boost":"OFF"},{"Voltage":4.2},{"OVP":10}],
			"M4_PowerSettings":[{"Voltage":4.2}]			
		},
		{
			"HardwareID":[{"HW_ID":0x9020,"HW_Name":"EVAL-ADPD1080Z-GST"}],
			"Description":"ADPD1080 with ADPD2140 Angle Triangulation and Gesture Eval board  BR-046688",
			"Family":"OPL ADPD108 family",
			"SensorName":"ADPD2140",
			"Views_Supported":["ADPD","ADXL","ANGLE","LRP","GESTURE"],
			"BOMID":[{"Revision":"REV_A","Bom_Id":0x0001},{"Revision":"REV_B","Bom_Id":0x0101}],
			"BATCHID":[0x01],
			"M3_PowerSettings":[{"Boost":"ON"},{"Voltage":10},{"OVP":15}],
			"M4_PowerSettings":[{"Voltage":4.2}]			
		},
		{
			"HardwareID":[{"HW_ID":0x9090 ,"HW_Name":"EVAL-ADPD2140Z"}],
			"Description":"ADPD1080 with ADPD2140 Angle Triangulation and Gesture Eval board  BR-046688",
			"Family":"OPL ADPD108 family",
			"SensorName":"ADPD2140",
			"Views_Supported":["ADPD","ADXL","ANGLE","LRP","GESTURE"],
			"BOMID":[{"Revision":"REV_A","Bom_Id":0x0001}],
			"BATCHID":[0x01],
			"M3_PowerSettings":[{"Boost":"ON"},{"Voltage":10},{"OVP":15}],
			"M4_PowerSettings":[{"Voltage":4.2}]			
		},
		{
			"HardwareID":[{"HW_ID":0x9030,"HW_Name":"EVAL-ADPD1081Z-PPG"},{"HW_ID":0x9031,"HW_Name":"EVAL-ADPD1080Z-PPG"}],
			"Description":"ADPD108X WLCSP M07 style optics, PPG Eval board BR-048942",
			"Family":"OPL ADPD108 family",
			"SensorName":"ADPD108x",
			"Views_Supported":["ADPD","ADXL","PPG"],
			"BOMID":[{"Revision":"REV_A","Bom_Id":0x0001},{"Revision":"REV_B","Bom_Id":0x0101},{"Revision":"REV_C","Bom_Id":0x0201}],
			"BATCHID":[0x01],
			"M3_PowerSettings":[{"Boost":"OFF"},{"Voltage":4.2},{"OVP":10}],
			"M4_PowerSettings":[{"Voltage":4.2}]			
		},
		{
			"HardwareID":[{"HW_ID":0x9040,"HW_Name":"EVAL-ADPD1080Z-GEN"}],
			"Description":"ADPD108 LFCSP General Purpose (Open Market) Eval board",
			"Family":"OPL ADPD108 family",
			"SensorName":"ADPD108x",
			"Views_Supported":["ADPD"],
			"BOMID":[{"Revision":"REV_A","Bom_Id":0x0001},{"Revision":"REV_B","Bom_Id":0x0101}],
			"BATCHID":[0x01],
			"M3_PowerSettings":[{"Boost":"OFF"},{"Voltage":4.2},{"OVP":10}],
			"M4_PowerSettings":[{"Voltage":4.2}]			
		},
		{
			"HardwareID":[{"HW_ID":0x9050,"HW_Name":"EVAL-ADPD1080Z-LPG"},{"HW_ID":0x9051,"HW_Name":"EVAL-ADPD1080Z-LPG"}],
			"Description":"ADPD1080 LFCSP Simple Proximity Gesture Board",
			"Family":"OPL ADPD108 family",
			"SensorName":"ADPD108x",
			"Views_Supported":["ADPD","ADXL","ANGLE","LRP","GESTURE"],
			"BOMID":[{"Revision":"REV_A","Bom_Id":0x0001},{"Revision":"REV_B","Bom_Id":0x0101}],
			"BATCHID":[0x01],
			"M3_PowerSettings":[{"Boost":"ON"},{"Voltage":10},{"OVP":15}],
			"M4_PowerSettings":[{"Voltage":5.2}]			
		},
		{
			"HardwareID":[{"HW_ID":0x9060,"HW_Name":"EVAL-ADPD1080Z-PRX"}],
			"Description":"ADPD1080 Long Range Proximity",
			"Family":"OPL ADPD108 family",
			"SensorName":"ADPD1080",
			"Views_Supported":["ADPD","ADXL","LRP"],
			"BOMID":[{"Revision":"REV_A","Bom_Id":0x0001},{"Revision":"REV_B","Bom_Id":0x0101}],
			"BATCHID":[0x01],
			"M3_PowerSettings":[{"Boost":"ON"},{"Voltage":12},{"OVP":15}],
			"M4_PowerSettings":[{"Voltage":5.2}]			
		},
		{
			"HardwareID":[{"HW_ID":0x9070,"HW_Name":"EVAL-ADPD188BIZ-SK"}],
			"Description":"ADPD188BI Smoke detector",
			"Family":"OPL ADPD108 family",
			"SensorName":"ADPD188BI",
			"Views_Supported":["ADPD","ADXL","SMOKE"],
			"BOMID":[{"Revision":"REV_A","Bom_Id":0x0001},{"Revision":"REV_B","Bom_Id":0x0101}],
			"BATCHID":[0x01],
			"M3_PowerSettings":[{"Boost":"ON"},{"Voltage":5.2},{"OVP":10}],
			"M4_PowerSettings":[{"Voltage":5.2}]		
		},
		{
			"HardwareID":[{"HW_ID":0x9072,"HW_Name":"EVAL-ADPD188BIZ-S2"}],
			"Description":"ADPD188BI Smoke detector Chamber capable",
			"Family":"OPL ADPD108 family",
			"SensorName":"ADPD188BI",
			"Views_Supported":["ADPD","ADXL","SMOKE"],
			"BOMID":[{"Revision":"REV_A","Bom_Id":0x0001},{"Revision":"REV_B","Bom_Id":0x0101}],
			"BATCHID":[0x01],
			"M3_PowerSettings":[{"Boost":"ON"},{"Voltage":5.2},{"OVP":10}],
			"M4_PowerSettings":[{"Voltage":5.2}]		
		},
		{
			"HardwareID":[{"HW_ID":0x9080,"HW_Name":"EVAL-ADPD144RIZ-SF"}],
			"Description":"Earbud boards ADPD144",
			"Family":"OPL ADPD103 family",
			"SensorName":"ADPD144",
			"Views_Supported":["ADPD","ADXL","PPG"],
			"BOMID":[{"Revision":"REV_A","Bom_Id":0x0001}],
			"BATCHID":[0x01],
			"M3_PowerSettings":[{"Boost":"OFF"},{"Voltage":4.2},{"OVP":5}],
			"M4_PowerSettings":[{"Voltage":4.2}]			
		},
		{
			"HardwareID":[{"HW_ID":0x9111,"HW_Name":"EVAL-ADPD4002Z-PPG"}, {"HW_ID":0x9110,"HW_Name":"EVAL-ADPD4002Z-PPG"}],
			"Description":"ADPD4002 LFCSP,  M07 style optics, PPG Eval board",
			"Family":"OPL ADPD4000 family",
			"SensorName":"ADPD400x",
			"Views_Supported":["ADPD","ADXL","ECG"],
			"BOMID":[{"Revision":"REV_A","Bom_Id":0x0001}],
			"BATCHID":[0x01],
			"M3_PowerSettings":[{"Boost":"OFF"},{"Voltage":4.2},{"OVP":10}],
			"M4_PowerSettings":[{"Voltage":4.2}]			
		},

		{
			"HardwareID":[{"HW_ID":0x9130,"HW_Name":"EVAL-ADPD4001Z-PPG"},{"HW_ID":0x9131,"HW_Name":"EVAL-ADPD4000Z-PPG"}],
			"Description":"ADPD400X WLCSP M07 style optics PPG Eval board",
			"Family":"OPL ADPD4000 family",
			"SensorName":"ADPD400x",
			"Views_Supported":["ADPD","ADXL","ECG","PPG"],
			"BOMID":[{"Revision":"REV_A","Bom_Id":0x0001}],
			"BATCHID":[0x01],
			"M3_PowerSettings":[{"Boost":"OFF"},{"Voltage":4.2},{"OVP":10}],
			"M4_PowerSettings":[{"Voltage":4.2}]			
		},
		{
			"HardwareID":[{"HW_ID":0x9210,"HW_Name":"EVAL-ADPD4102Z"},{"HW_ID":0x9211,"HW_Name":"EVAL-ADPD4102Z"}],
			"Description":"ADPD4102 LFCSP Eval board",
			"Family":"OPL ADPD4100 family",
			"SensorName":"ADPD410x",
			"Views_Supported":["ADPD","ADXL","ECG"],
			"BOMID":[{"Revision":"REV_A","Bom_Id":0x0001}],
			"BATCHID":[0x01],
			"M3_PowerSettings":[{"Boost":"OFF"},{"Voltage":4.2},{"OVP":10}],
			"M4_PowerSettings":[{"Voltage":4.2}]			
		},
		{
			"HardwareID":[{"HW_ID":0x9230,"HW_Name":"EVAL-ADPD4101Z-PPG"},{"HW_ID":0x9231,"HW_Name":"EVAL-ADPD4100Z-PPG"}],
			"Description":"ADPD410X WLCSP  M07 style optics PPG Eval board",
			"Family":"OPL ADPD4100 family",
			"SensorName":"ADPD410x",
			"Views_Supported":["ADPD","ADXL","ECG"],
			"BOMID":[{"Revision":"REV_A","Bom_Id":0x0001}],
			"BATCHID":[0x01],
			"M3_PowerSettings":[{"Boost":"OFF"},{"Voltage":4.2},{"OVP":10}],
			"M4_PowerSettings":[{"Voltage":4.2}]			
		}
	]
}